Modelo,ROC_AUC
Regresion_Logistica,0.9633699633699634
Random_Forest,0.9827838827838827
Red_Neuronal,0.9377289377289377
